{
  "indexes": [
    {
      "collectionGroup": "Experiences",
      "queryScope": "COLLECTION",
      "fields": [
        {
          "fieldPath": "categoryy",
          "order": "ASCENDING"
        },
        {
          "fieldPath": "Date",
          "order": "ASCENDING"
        }
      ]
    },
    {
      "collectionGroup": "reviews",
      "queryScope": "COLLECTION",
      "fields": [
        {
          "fieldPath": "ExpID",
          "order": "ASCENDING"
        },
        {
          "fieldPath": "date",
          "order": "ASCENDING"
        }
      ]
    },
    {
      "collectionGroup": "Experiences",
      "queryScope": "COLLECTION",
      "fields": [
        {
          "fieldPath": "creator",
          "order": "ASCENDING"
        },
        {
          "fieldPath": "Date",
          "order": "ASCENDING"
        }
      ]
    },
    {
      "collectionGroup": "Experiences",
      "queryScope": "COLLECTION",
      "fields": [
        {
          "fieldPath": "creator",
          "order": "ASCENDING"
        },
        {
          "fieldPath": "Date",
          "order": "DESCENDING"
        }
      ]
    },
    {
      "collectionGroup": "Experiences",
      "queryScope": "COLLECTION",
      "fields": [
        {
          "fieldPath": "EmailsofUsers",
          "arrayConfig": "CONTAINS"
        },
        {
          "fieldPath": "Date",
          "order": "ASCENDING"
        }
      ]
    },
    {
      "collectionGroup": "reviews",
      "queryScope": "COLLECTION",
      "fields": [
        {
          "fieldPath": "ExpID",
          "order": "ASCENDING"
        },
        {
          "fieldPath": "rate",
          "order": "ASCENDING"
        }
      ]
    },
    {
      "collectionGroup": "chats",
      "queryScope": "COLLECTION",
      "fields": [
        {
          "fieldPath": "users",
          "arrayConfig": "CONTAINS"
        },
        {
          "fieldPath": "last_message_time",
          "order": "DESCENDING"
        }
      ]
    },
    {
      "collectionGroup": "chat_messages",
      "queryScope": "COLLECTION",
      "fields": [
        {
          "fieldPath": "chat",
          "order": "ASCENDING"
        },
        {
          "fieldPath": "timestamp",
          "order": "DESCENDING"
        }
      ]
    },
    {
      "collectionGroup": "Experiences",
      "queryScope": "COLLECTION",
      "fields": [
        {
          "fieldPath": "Date",
          "order": "ASCENDING"
        },
        {
          "fieldPath": "cateelist",
          "arrayConfig": "CONTAINS"
        }
      ]
    }
  ],
  "fieldOverrides": [
    {
      "collectionGroup": "fcm_tokens",
      "fieldPath": "fcm_token",
      "indexes": [
        {
          "order": "ASCENDING",
          "queryScope": "COLLECTION_GROUP"
        }
      ]
    }
  ]
}